<?xml version="1.0" encoding="UTF-8"?>
<feature
        id="org.jkiss.dbeaver.rcp.feature" label="RCP" version="2.1.9">

    <description>
        Feature for standalone DBeaver RCP
    </description>

        <plugin id="com.ibm.icu.base" download-size="177" install-size="364" version="54.1.1.v201501272100" unpack="false"/>
        <plugin id="javax.annotation" download-size="26" install-size="56" version="1.2.0.v201401042248" unpack="false"/>
        <plugin id="javax.inject" download-size="16" install-size="28" version="1.0.0.v20091030" unpack="false"/>
        <plugin id="javax.xml" download-size="246" install-size="413" version="1.3.4.v201005080400" unpack="false"/>
        <plugin id="org.apache.batik.css" download-size="347" install-size="720" version="1.7.0.v201011041433" unpack="false"/>
        <plugin id="org.apache.batik.util" download-size="154" install-size="309" version="1.7.0.v201011041433" unpack="false"/>
        <plugin id="org.apache.batik.util.gui" download-size="207" install-size="388" version="1.7.0.v200903091627" unpack="false"/>
        <plugin id="org.eclipse.compare.core" download-size="62" install-size="116" version="3.5.500.v20150505-1058" unpack="false"/>
        <plugin id="org.eclipse.core.commands" download-size="111" install-size="210" version="3.7.0.v20150422-0725" unpack="false"/>
        <plugin id="org.eclipse.core.contenttype" download-size="96" install-size="203" version="3.5.0.v20150421-2214" unpack="false"/>
        <plugin id="org.eclipse.core.databinding" download-size="195" install-size="408" version="1.5.0.v20150422-0725" unpack="false"/>
        <plugin id="org.eclipse.core.databinding.observable" download-size="304" install-size="640" version="1.5.0.v20150422-0725" unpack="false"/>
        <plugin id="org.eclipse.core.databinding.property" download-size="172" install-size="401" version="1.5.0.v20150422-0725" unpack="false"/>
        <plugin id="org.eclipse.core.expressions" download-size="88" install-size="172" version="3.5.0.v20150421-2214" unpack="false"/>
        <plugin id="org.eclipse.core.filesystem" download-size="60" install-size="112" version="1.5.0.v20150725-1910" unpack="false"/>
        <plugin id="org.eclipse.core.jobs" download-size="104" install-size="207" version="3.7.0.v20150330-2103" unpack="false"/>
        <plugin id="org.eclipse.core.resources" download-size="863" install-size="1854" version="3.10.1.v20150725-1910" unpack="false"/>
        <plugin id="org.eclipse.core.runtime" download-size="77" install-size="163" version="3.11.1.v20150903-1804" unpack="false"/>
        <plugin id="org.eclipse.core.runtime.compatibility.registry" download-size="17" install-size="22" version="3.6.0.v20150318-1505" fragment="true" unpack="false"/>
        <plugin id="org.eclipse.e4.core.commands" download-size="25" install-size="44" version="0.11.0.v20150422-0725" unpack="false"/>
        <plugin id="org.eclipse.e4.core.contexts" download-size="49" install-size="95" version="1.4.0.v20150828-0818" unpack="false"/>
        <plugin id="org.eclipse.e4.core.di" download-size="50" install-size="102" version="1.5.0.v20150421-2214" unpack="false"/>
        <plugin id="org.eclipse.e4.core.di.extensions" download-size="27" install-size="50" version="0.13.0.v20150421-2214" unpack="false"/>
        <plugin id="org.eclipse.e4.core.services" download-size="52" install-size="94" version="2.0.0.v20150403-1912" unpack="false"/>
        <plugin id="org.eclipse.e4.ui.bindings" download-size="48" install-size="98" version="0.11.0.v20150422-0725" unpack="false"/>
        <plugin id="org.eclipse.e4.ui.css.core" download-size="207" install-size="424" version="0.11.0.v20150511-1937" unpack="false"/>
        <plugin id="org.eclipse.e4.ui.css.swt" download-size="215" install-size="447" version="0.12.0.v20150511-1003" unpack="false"/>
        <plugin id="org.eclipse.e4.ui.css.swt.theme" download-size="25" install-size="46" version="0.10.0.v20150422-0725" unpack="false"/>
        <plugin id="org.eclipse.e4.ui.di" download-size="15" install-size="21" version="1.1.0.v20150422-0725" unpack="false"/>
        <plugin id="org.eclipse.e4.ui.model.workbench" download-size="367" install-size="1154" version="1.1.100.v20150407-1430" unpack="false"/>
        <plugin id="org.eclipse.e4.ui.services" download-size="25" install-size="40" version="1.2.0.v20150422-0725" unpack="false"/>
        <plugin id="org.eclipse.e4.ui.widgets" download-size="13" install-size="22" version="1.1.0.v20150427-1751" unpack="false"/>
        <plugin id="org.eclipse.e4.ui.workbench" download-size="282" install-size="602" version="1.3.1.v20160203-0951" unpack="false"/>
        <plugin id="org.eclipse.e4.ui.workbench.renderers.swt" download-size="343" install-size="747" version="0.13.0.v20150901-1347" unpack="false"/>
        <plugin id="org.eclipse.e4.ui.workbench.renderers.swt.cocoa" os="macosx" download-size="33" install-size="63" version="0.11.300.v20150507-1945" fragment="true" unpack="false"/>
        <plugin id="org.eclipse.e4.ui.workbench3" download-size="9" install-size="13" version="0.13.0.v20150422-0725" unpack="false"/>
        <plugin id="org.eclipse.e4.ui.workbench.swt" download-size="177" install-size="356" version="0.13.0.v20150504-0621" unpack="false"/>
        <plugin id="org.eclipse.e4.ui.workbench.addons.swt" download-size="142" install-size="295" version="1.2.0.v20150512-1414" unpack="false"/>

        <plugin id="org.eclipse.emf.common" download-size="349" install-size="735" version="2.11.1.v20160208-0816" unpack="false"/>
        <plugin id="org.eclipse.emf.ecore" download-size="1162" install-size="2877" version="2.11.2.v20160208-0816" unpack="false"/>
        <plugin id="org.eclipse.emf.ecore.change" download-size="85" install-size="202" version="2.11.0.v20160208-0816" unpack="false"/>
        <plugin id="org.eclipse.emf.ecore.xmi" download-size="225" install-size="481" version="2.11.1.v20160208-0816" unpack="false"/>
        <plugin id="org.eclipse.equinox.app" download-size="84" install-size="170" version="1.3.300.v20150423-1356" unpack="false"/>
        <plugin id="org.eclipse.equinox.common" download-size="109" install-size="206" version="3.7.0.v20150402-1709" unpack="false"/>
        <plugin id="org.eclipse.equinox.ds" download-size="191" install-size="392" version="1.4.300.v20150423-1356" unpack="false"/>
        <plugin id="org.eclipse.equinox.event" download-size="31" install-size="57" version="1.3.100.v20140115-1647" unpack="false"/>
        <plugin id="org.eclipse.equinox.preferences" download-size="125" install-size="252" version="3.5.300.v20150408-1437" unpack="false"/>
        <plugin id="org.eclipse.equinox.registry" download-size="178" install-size="371" version="3.6.0.v20150318-1503" unpack="false"/>
        <plugin id="org.eclipse.equinox.simpleconfigurator" download-size="42" install-size="78" version="1.1.100.v20150423-1455" unpack="false"/>
        <plugin id="org.eclipse.equinox.util" download-size="76" install-size="139" version="1.0.500.v20130404-1337" unpack="false"/>
        <plugin id="org.eclipse.help" download-size="252" install-size="650" version="3.6.0.v20130326-1254" unpack="false"/>
        <plugin id="org.eclipse.jface" download-size="1161" install-size="2295" version="3.11.1.v20160128-1644" unpack="false"/>
        <plugin id="org.eclipse.jface.databinding" download-size="274" install-size="555" version="1.7.0.v20150406-2148" unpack="false"/>
        <plugin id="org.eclipse.jface.text" download-size="992" install-size="2080" version="3.10.0.v20150603-1752" unpack="false"/>
        <plugin id="org.eclipse.osgi" download-size="1276" install-size="2697" version="3.10.102.v20160118-1700" unpack="false"/>
        <plugin id="org.eclipse.osgi.services" download-size="107" install-size="167" version="3.5.0.v20150519-2006" unpack="false"/>
        <plugin id="org.eclipse.osgi.compatibility.state" download-size="235" install-size="577" version="1.0.100.v20150402-1551" unpack="false"/>
        <plugin id="org.eclipse.swt" download-size="19" install-size="40" version="3.104.2.v20160212-1350" unpack="false"/>

        <plugin id="org.eclipse.platform" download-size="418" install-size="817" version="4.5.2.v20160212-1500" unpack="false"/>
        <plugin id="org.eclipse.text" download-size="247" install-size="486" version="3.5.400.v20150505-1044" unpack="false"/>
        <plugin id="org.eclipse.ui" download-size="269" install-size="389" version="3.107.0.v20150507-1945" unpack="false"/>
        <plugin id="org.eclipse.ui.forms" download-size="310" install-size="623" version="3.6.200.v20150506-2029" unpack="false"/>
        <plugin id="org.eclipse.ui.views" download-size="97" install-size="181" version="3.8.0.v20150422-0725" unpack="false"/>
        <plugin id="org.eclipse.ui.views.log" download-size="141" install-size="263" version="1.0.600.v20150513-1840" unpack="false"/>
        <plugin id="org.eclipse.ui.workbench" download-size="3988" install-size="8278" version="3.107.1.v20160120-2131" unpack="false"/>
        <plugin id="org.eclipse.ui.workbench.texteditor" download-size="573" install-size="1254" version="3.9.100.v20141023-1946" unpack="false"/>

        <plugin id="org.eclipse.ui.intro" download-size="302" install-size="621" version="3.4.300.v20141007-1449" unpack="false"/>
        <plugin id="org.eclipse.ui.themes" download-size="45" install-size="128" version="1.1.1.v20151026-1355"/>

        <plugin id="org.eclipse.update.configurator" download-size="98" install-size="197" version="3.3.300.v20140518-1928"/>

        <plugin id="org.w3c.css.sac" download-size="37" install-size="65" version="1.3.1.v200903091627" unpack="false"/>
        <plugin id="org.w3c.dom.events" download-size="17" install-size="26" version="3.0.0.draft20060413_v201105210656" unpack="false"/>
        <plugin id="org.w3c.dom.smil" download-size="19" install-size="37" version="1.0.1.v200903091627" unpack="false"/>
        <plugin id="org.w3c.dom.svg" download-size="95" install-size="140" version="1.1.0.v201011041433" unpack="false"/>

        <!-- GEF -->

        <plugin id="org.eclipse.draw2d" download-size="567" install-size="1119" version="3.10.1.201508170204" unpack="false"/>
        <plugin id="org.eclipse.gef" download-size="847" install-size="1651" version="3.10.1.201508170204" unpack="false"/>

        <!-- IDE plugin -->

        <plugin id="org.eclipse.ui.ide" download-size="2297" install-size="4667" version="3.11.0.v20150825-2158" unpack="false"/>
        <plugin id="org.eclipse.ui.editors" download-size="564" install-size="1274" version="3.9.0.v20150213-1939"/>

        <!-- Eclipse Mars additions -->

        <plugin id="org.eclipse.e4.core.di.annotations" download-size="10" install-size="12" version="1.4.0.v20150528-1451" unpack="false"/>
        <plugin id="org.eclipse.e4.emf.xpath" download-size="47" install-size="94" version="0.1.100.v20150513-0856" unpack="false"/>
        <plugin id="org.apache.commons.jxpath" download-size="308" install-size="642" version="1.3.0.v200911051830" unpack="false"/>

        <!-- 3rd party -->

        <plugin id="com.jcraft.jsch" download-size="294" install-size="535" version="0.1.53.v201508180515" unpack="false"/>
        <plugin id="org.apache.commons.logging" download-size="71" install-size="148" version="1.1.1.v201101211721" unpack="false"/>
        <plugin id="org.objectweb.asm" download-size="61" install-size="126" version="5.0.1.v201404251740" unpack="false"/>

        <!-- OS dependent -->

        <plugin id="org.eclipse.core.resources.win32.x86" os="win32" arch="x86" download-size="17" install-size="42" version="3.5.100.v20140124-1940" fragment="true" unpack="false"/>
        <plugin id="org.eclipse.core.filesystem.aix.ppc" os="aix" download-size="9" install-size="17" version="1.1.0.v20140124-1940" fragment="true" unpack="false"/>
        <plugin id="org.eclipse.core.filesystem.hpux.ia64" os="hpux" download-size="20" install-size="102" version="1.1.0.v20140124-1940" fragment="true" unpack="false"/>
        <plugin id="org.eclipse.core.filesystem.linux.x86" os="linux" arch="x86" download-size="10" install-size="17" version="1.4.200.v20140124-1940" fragment="true" unpack="false"/>
        <plugin id="org.eclipse.core.filesystem.linux.x86_64" os="linux" arch="x86_64" download-size="10" install-size="19" version="1.2.200.v20140124-1940" fragment="true" unpack="false"/>
        <plugin id="org.eclipse.core.filesystem.macosx" os="macosx" download-size="13" install-size="64" version="1.3.0.v20140124-1940" fragment="true" unpack="false"/>
        <plugin id="org.eclipse.core.filesystem.win32.x86" os="win32" arch="x86" download-size="27" install-size="54" version="1.4.0.v20140124-1940" fragment="true" unpack="false"/>
        <plugin id="org.eclipse.core.filesystem.win32.x86_64" os="win32" arch="x86_64" download-size="31" install-size="64" version="1.4.0.v20140124-1940" fragment="true" unpack="false"/>
        <plugin id="org.eclipse.swt.cocoa.macosx.x86_64" os="macosx" ws="cocoa" arch="x86_64" download-size="2260" install-size="5166" version="3.104.2.v20160212-1350" fragment="true" unpack="false"/>
        <plugin id="org.eclipse.swt.gtk.aix.ppc" os="aix" ws="gtk" arch="ppc" download-size="2298" install-size="5713" version="3.104.2.v20160212-1350" fragment="true" unpack="false"/>
        <plugin id="org.eclipse.swt.gtk.aix.ppc64" os="aix" ws="gtk" arch="ppc64" download-size="2336" install-size="5906" version="3.104.2.v20160212-1350" fragment="true" unpack="false"/>
        <plugin id="org.eclipse.swt.gtk.hpux.ia64" os="hpux" ws="gtk" arch="ia64" download-size="2362" install-size="6278" version="3.104.2.v20160212-1350" fragment="true" unpack="false"/>
        <plugin id="org.eclipse.swt.gtk.linux.ppc64" os="linux" ws="gtk" arch="ppc64" download-size="2473" install-size="6457" version="3.104.2.v20160212-1350" fragment="true" unpack="false"/>
        <plugin id="org.eclipse.swt.gtk.linux.s390" os="linux" ws="gtk" arch="s390" download-size="2426" install-size="5781" version="3.104.2.v20160212-1350" fragment="true" unpack="false"/>
        <plugin id="org.eclipse.swt.gtk.linux.x86" os="linux" ws="gtk" arch="x86" download-size="2427" install-size="5583" version="3.104.2.v20160212-1350" fragment="true" unpack="false"/>
        <plugin id="org.eclipse.swt.gtk.linux.x86_64" os="linux" ws="gtk" arch="x86_64" download-size="2574" install-size="6232" version="3.104.2.v20160212-1350" fragment="true" unpack="false"/>
        <plugin id="org.eclipse.swt.gtk.solaris.x86" os="solaris" ws="gtk" arch="x86" download-size="2284" install-size="5137" version="3.104.2.v20160212-1350" fragment="true" unpack="false"/>
        <plugin id="org.eclipse.swt.win32.win32.x86" os="win32" ws="win32" arch="x86" download-size="2682" install-size="5543" version="3.104.2.v20160212-1350" fragment="true" unpack="false"/>
        <plugin id="org.eclipse.swt.win32.win32.x86_64" os="win32" ws="win32" arch="x86_64" download-size="2684" install-size="5638" version="3.104.2.v20160212-1350" fragment="true" unpack="false"/>

</feature>
