<?xml version="1.0" encoding="UTF-8"?>
<feature
        id="org.jkiss.dbeaver.ext.generic.feature"
        label="%featureName"
        version="2.1.21"
        provider-name="%providerName"
        plugin="org.jkiss.dbeaver.ext.generic">

    <description>
        %description
    </description>

    <copyright>
        %copyright
    </copyright>

    <license url="%licenseURL">
        %license
    </license>

    <requires>
        <import feature="org.jkiss.dbeaver.core.feature" version="1.0.0"/>
    </requires>

    <plugin id="org.jkiss.dbeaver.ext.derby" download-size="6" install-size="10" version="1.1.20" unpack="false"/>
    <plugin id="org.jkiss.dbeaver.ext.firebird" download-size="13" install-size="27" version="1.0.36" unpack="false"/>
    <plugin id="org.jkiss.dbeaver.ext.generic" download-size="145" install-size="382" version="2.3.21" unpack="false"/>
    <plugin id="org.jkiss.dbeaver.ext.informix" download-size="8" install-size="15" version="1.0.26" unpack="false"/>
    <plugin id="org.jkiss.dbeaver.ext.mssql" download-size="18" install-size="25" version="1.0.29" unpack="false"/>
    <plugin id="org.jkiss.dbeaver.ext.netezza" download-size="5" install-size="7" version="1.0.0" unpack="false"/>
    <plugin id="org.jkiss.dbeaver.ext.phoenix" download-size="8" install-size="11" version="1.0.4" unpack="false"/>
    <plugin id="org.jkiss.dbeaver.ext.postgresql" download-size="258" install-size="629" version="2.1.8" unpack="false"/>
    <plugin id="org.jkiss.dbeaver.ext.teradata" download-size="5" install-size="6" version="1.0.3" unpack="false"/>
    <plugin id="org.jkiss.dbeaver.ext.vertica" download-size="5" install-size="6" version="1.0.28" unpack="false"/>

</feature>
