<?xml version="1.0" encoding="UTF-8"?>
<config transient="false" date="1465220568730">
	<site enabled="true" updateable="true" policy="USER-EXCLUDE" url="platform:/base/">
		<feature id="org.jkiss.dbeaver.ext.db2.feature" plugin-identifier="org.jkiss.dbeaver.ext.db2" url="features/org.jkiss.dbeaver.ext.db2.feature_2.1.20/" version="2.1.20">
		</feature>
		<feature id="org.jkiss.dbeaver.ce.feature" plugin-identifier="org.jkiss.dbeaver.core.application" url="features/org.jkiss.dbeaver.ce.feature_3.6.10/" version="3.6.10">
		</feature>
		<feature id="org.jkiss.dbeaver.core.feature" plugin-identifier="org.jkiss.dbeaver.core" url="features/org.jkiss.dbeaver.core.feature_3.6.10/" version="3.6.10">
		</feature>
		<feature id="org.jkiss.dbeaver.ext.oracle.feature" plugin-identifier="org.jkiss.dbeaver.ext.oracle" url="features/org.jkiss.dbeaver.ext.oracle.feature_2.1.20/" version="2.1.20">
		</feature>
		<feature id="org.jkiss.dbeaver.ext.mysql.feature" plugin-identifier="org.jkiss.dbeaver.ext.mysql" url="features/org.jkiss.dbeaver.ext.mysql.feature_2.1.20/" version="2.1.20">
		</feature>
		<feature id="org.jkiss.dbeaver.ext.generic.feature" plugin-identifier="org.jkiss.dbeaver.ext.generic" url="features/org.jkiss.dbeaver.ext.generic.feature_2.1.21/" version="2.1.21">
		</feature>
		<feature id="org.jkiss.dbeaver.rcp.feature" url="features/org.jkiss.dbeaver.rcp.feature_2.1.9/" version="2.1.9">
		</feature>
		<feature id="org.jkiss.dbeaver.ext.wmi.feature" plugin-identifier="org.jkiss.dbeaver.ext.wmi" url="features/org.jkiss.dbeaver.ext.wmi.feature_2.0.37/" version="2.0.37">
		</feature>
		<feature id="org.jkiss.dbeaver.standalone.feature" plugin-identifier="org.jkiss.dbeaver.core.application" url="features/org.jkiss.dbeaver.standalone.feature_3.6.10/" version="3.6.10">
		</feature>
	</site>
</config>
