<?xml version="1.0" encoding="UTF-8"?>
<feature
        id="org.jkiss.dbeaver.ce.feature"
        label="%featureName"
        version="3.6.10"
        provider-name="%providerName"
        plugin="org.jkiss.dbeaver.core.application">

    <description>
        %description
    </description>

    <copyright>
        %copyright
    </copyright>

    <license url="%licenseURL">
        %license
    </license>

    <url>

    </url>

    <includes id="org.jkiss.dbeaver.standalone.feature" version="3.6.10"/>

</feature>
