<?xml version="1.0" encoding="UTF-8"?>
<feature
        id="org.jkiss.dbeaver.standalone.feature"
        label="%featureName"
        version="3.6.10"
        provider-name="%providerName"
        plugin="org.jkiss.dbeaver.core.application">

    <description>
        %description
    </description>

    <copyright>
        %copyright
    </copyright>

    <license url="%licenseURL">
        %license
    </license>

    <url>
        <update label="DBeaver Universal Database Manager" url="http://dbeaver.jkiss.org/"/>
    </url>

    <includes
            id="org.jkiss.dbeaver.rcp.feature"
            version="2.1.9"/>

    <includes
            id="org.jkiss.dbeaver.core.feature"
            version="3.6.10"/>

    <includes
            id="org.jkiss.dbeaver.ext.generic.feature"
            version="2.1.21"/>

    <includes
            id="org.jkiss.dbeaver.ext.mysql.feature"
            version="2.1.20"/>

    <includes
            id="org.jkiss.dbeaver.ext.oracle.feature"
            version="2.1.20"/>

    <includes
            id="org.jkiss.dbeaver.ext.wmi.feature"
            version="2.0.37"/>

    <includes
            id="org.jkiss.dbeaver.ext.db2.feature"
            version="2.1.20"/>

    <requires>
        <import plugin="org.eclipse.core.runtime"/>
        <import plugin="org.eclipse.core.resources"/>
        <import plugin="org.eclipse.core.expressions"/>
        <import plugin="org.eclipse.ui"/>
        <import plugin="org.eclipse.ui.workbench"/>
        <import plugin="org.eclipse.ui.workbench.texteditor"/>
        <import plugin="org.eclipse.swt"/>
        <import plugin="org.eclipse.jface"/>
        <import plugin="org.eclipse.jface.text"/>
        <import plugin="org.eclipse.ui.views"/>
        <import plugin="org.eclipse.gef"/>
        <import plugin="org.apache.commons.logging"/>
        <import plugin="com.jcraft.jsch"/>
        <import plugin="org.objectweb.asm"/>
    </requires>

    <!-- Include org.eclipse.ui.themes because it was added only in 4.4 -->
    <plugin id="org.eclipse.ui.themes" download-size="45" install-size="128" version="1.1.1.v20151026-1355"/>
    <plugin id="org.apache.commons.cli" download-size="51" install-size="107" version="1.3.1" unpack="false"/>

    <plugin id="org.jkiss.dbeaver.core.application" download-size="382" install-size="744" version="3.6.10" unpack="false"/>


</feature>
